{"dim":256,"vec":[0.021847813825958573,0.043695627651917146,0.043695627651917146,0.021847813825958573,0.13108688295575144,0.021847813825958573,0,0.021847813825958573,0.021847813825958573,0,0.021847813825958573,0,0.021847813825958573,0,0.021847813825958573,0.043695627651917146,0,0.06554344147787572,0.021847813825958573,0.10923906912979287,0,0.15293469678171,0.021847813825958573,0.021847813825958573,0.043695627651917146,0.08739125530383429,0,0.043695627651917146,0.043695627651917146,0,0.021847813825958573,0.021847813825958573,0.043695627651917146,0.21847813825958573,0.06554344147787572,0.021847813825958573,0.043695627651917146,0,0.043695627651917146,0,0.043695627651917146,0.17478251060766858,0.021847813825958573,0.06554344147787572,0.08739125530383429,0.043695627651917146,0.06554344147787572,0.10923906912979287,0.043695627651917146,0,0,0,0.021847813825958573,0.08739125530383429,0.043695627651917146,0.043695627651917146,0.08739125530383429,0,0.021847813825958573,0.06554344147787572,0,0.13108688295575144,0.10923906912979287,0.08739125530383429,0.10923906912979287,0,0.021847813825958573,0,0.043695627651917146,0.13108688295575144,0.10923906912979287,0,0.08739125530383429,0,0.17478251060766858,0.21847813825958573,0.043695627651917146,0.06554344147787572,0,0.10923906912979287,0,0.06554344147787572,0.043695627651917146,0.06554344147787572,0.08739125530383429,0.043695627651917146,0.043695627651917146,0.043695627651917146,0.08739125530383429,0.06554344147787572,0.043695627651917146,0.06554344147787572,0.10923906912979287,0.043695627651917146,0.021847813825958573,0.021847813825958573,0,0.15293469678171,0.021847813825958573,0.043695627651917146,0.043695627651917146,0.06554344147787572,0.06554344147787572,0.043695627651917146,0.08739125530383429,0.06554344147787572,0.10923906912979287,0.06554344147787572,0.043695627651917146,0,0.043695627651917146,0.021847813825958573,0.10923906912979287,0,0.10923906912979287,0,0.06554344147787572,0,0.021847813825958573,0.06554344147787572,0.021847813825958573,0,0.021847813825958573,0,0.021847813825958573,0.021847813825958573,0.021847813825958573,0,0.043695627651917146,0.043695627651917146,0.043695627651917146,0.043695627651917146,0.08739125530383429,0.021847813825958573,0.13108688295575144,0.043695627651917146,0,0.06554344147787572,0.10923906912979287,0.06554344147787572,0,0.06554344147787572,0.021847813825958573,0.021847813825958573,0.06554344147787572,0.021847813825958573,0.10923906912979287,0.021847813825958573,0.10923906912979287,0,0.043695627651917146,0.043695627651917146,0.043695627651917146,0.13108688295575144,0,0.021847813825958573,0.021847813825958573,0.043695627651917146,0.043695627651917146,0.17478251060766858,0.043695627651917146,0.043695627651917146,0.021847813825958573,0.10923906912979287,0.043695627651917146,0.043695627651917146,0.08739125530383429,0.021847813825958573,0.10923906912979287,0.021847813825958573,0.08739125530383429,0.10923906912979287,0.10923906912979287,0.08739125530383429,0.06554344147787572,0,0.021847813825958573,0.08739125530383429,0.021847813825958573,0.06554344147787572,0,0.043695627651917146,0.043695627651917146,0.06554344147787572,0.043695627651917146,0,0.08739125530383429,0.043695627651917146,0.06554344147787572,0.021847813825958573,0.021847813825958573,0.043695627651917146,0,0.08739125530383429,0.06554344147787572,0,0.10923906912979287,0.06554344147787572,0.043695627651917146,0.06554344147787572,0.043695627651917146,0.043695627651917146,0.021847813825958573,0.021847813825958573,0,0.043695627651917146,0,0,0.021847813825958573,0.06554344147787572,0,0.021847813825958573,0.021847813825958573,0,0.08739125530383429,0.021847813825958573,0.08739125530383429,0.021847813825958573,0,0.021847813825958573,0.021847813825958573,0.021847813825958573,0.043695627651917146,0.043695627651917146,0.06554344147787572,0,0.043695627651917146,0.06554344147787572,0.043695627651917146,0.021847813825958573,0,0,0,0.06554344147787572,0.043695627651917146,0.043695627651917146,0.06554344147787572,0.043695627651917146,0.06554344147787572,0.021847813825958573,0.08739125530383429,0.043695627651917146,0.021847813825958573,0.021847813825958573,0.021847813825958573,0.021847813825958573,0.08739125530383429,0,0,0.13108688295575144,0.043695627651917146,0.021847813825958573,0,0.10923906912979287,0.021847813825958573,0.021847813825958573]}